email,descriptionEmail
Robb_West@hotmail.com,Amet nam terminatio aggero supellex.
Jewel_Ernser22@yahoo.com,Natus adflicto abeo desparatus conservo.
Althea.Heaney@yahoo.com,Comburo ademptio adaugeo deporto abundans.
Arnaldo_Quitzon@gmail.com,Assumenda vulgus atrox vulnus cohaero.
Shad_Predovic82@gmail.com,Uxor tactus esse cursim decumbo.
Vidal.Grady16@hotmail.com,Cogo admoneo terminatio abscido fuga.
Monica_Runte29@hotmail.com,Nesciunt tenus virgo vomica canonicus.
Anya1@gmail.com,Adversus vulgo celer ipsa conduco.
Abigayle_Hand@hotmail.com,Amplexus totidem alius adicio supra.
Cornelius_Considine@gmail.com,Conforto timor blandior vir armarium.
