nameLibrary,locationLibrary,descriptionLibrary,website
Library Dr. Kerry Berge,387 Johnson Extensions Suite 473,Cuius antea arbustum pecto aufero. Abscido defleo cognomen tollo colligo adimpleo omnis admiratio undique. Benevolentia colligo tenuis tollo deprecator creptio stips amiculum.,https://serious-exposition.com/
Library Emily Koepp,2146 Cliff Road Apt. 995,Truculenter pel tergeo. Dolor administratio aeternus cornu arbor truculenter virgo fuga. Spoliatio thermae consequuntur aequitas venio ambitus aeneus vitium cohors doloribus.,https://corny-telescreen.org
Library Dwayne Leffler-Stroman MD,90294 Field Lane Suite 484,Sursum sodalitas vito repellat amissio administratio desipio. Desolo cohors suadeo antea ducimus ex constans. Peior sapiente cubitum defluo sophismata annus.,https://itchy-minister.info/
Library Casey Larkin,809 Nestor Road Suite 346,Corrumpo minima beneficium audeo. Claudeo crinis vulariter vacuus turba temeritas defessus conscendo. Abduco somnus solum.,https://electric-subgroup.com
Library Camille Satterfield Sr.,2449 Quigley Lane Apt. 995,Depono aedificium ager teres nisi delicate tolero angulus. Thermae coma supra. Aptus cogito vulticulus apostolus contigo decerno magnam crustulum conservo benigne.,https://bumpy-rehospitalisation.net
Library Gerald Conroy,3765 O'Hara Oval Apt. 487,Audeo tertius vulpes. Modi hic vos verecundia est caritas coadunatio tribuo thema. Temptatio adipiscor odio laudantium ultra turpis avarus.,https://worrisome-soil.net/
Library Myra Kohler,91498 N East Street Apt. 706,Creber cenaculum coruscus tego. Amaritudo magnam praesentium creator illum cauda patrocinor tertius carus. Excepturi clibanus thermae deorsum cilicium spoliatio.,https://innocent-regionalism.net/
Library Lynne Boyle,4226 Kessler Forges Suite 382,Autus vomica vomer aequitas amor delibero. Voluptates utroque ab utrimque iure. Aequitas avaritia sol utilis.,https://comfortable-sphere.biz/
Library Dexter Kuhn,48194 Buckridge Turnpike Suite 138,Adduco vobis decerno temperantia curriculum somnus quae. Minima coma basium. Ara aestivus accusator aggero vita.,https://giddy-darkness.org
Library Dr. Melanie Mitchell,858 Leopoldo Viaduct Suite 896,Triumphus denique tumultus demens. Quo utique tenetur natus spiritus suppellex arca demulceo versus. Demonstro cresco nulla.,https://cultured-walker.com
